Date,Template ID,Template Name,Fees,Percent,Commision amount
Mar 7  2019  at 7:31,75530,Spectrum - Elegant PowerPoint Template,Discount Fee: $0.00 Merchant Fee: $0.88 Affiliate Fee: $0.00,70%,$13.38
Mar 7  2019  at 7:31,75492,Concertus - Event PowerPoint Template,Discount Fee: $0.00 Merchant Fee: $0.88 Affiliate Fee: $0.00,70%,$13.38
Mar 7  2019  at 2:10,64015,Edge PowerPoint Template,Discount Fee: $0.00 Merchant Fee: $0.68 Affiliate Fee: $0.00,70%,$13.52
Mar 6  2019  at 15:22,75495,Cheerful - Attractive PowerPoint Template,Discount Fee: $0.00 Merchant Fee: $0.68 Affiliate Fee: $0.00,70%,$13.52
Mar 6  2019  at 14:51,75224,Floaty - Minimalist PowerPoint Template,Discount Fee: $0.00 Merchant Fee: $0.68 Affiliate Fee: $5.80,70%,$9.47
Mar 4  2019  at 20:31,78433,Elevations - Adventure PowerPoint Template,Discount Fee: $0.00 Merchant Fee: $0.68 Affiliate Fee: $0.00,70%,$13.52
Mar 2  2019  at 7:13,68711,Sales Dashboard Presentation PowerPoint Template,Discount Fee: $0.00 Merchant Fee: $0.66 Affiliate Fee: $0.00,70%,$12.84
Mar 2  2019  at 5:26,68711,Sales Dashboard Presentation PowerPoint Template,Discount Fee: $0.00 Merchant Fee: $0.66 Affiliate Fee: $0.00,70%,$12.84
Mar 1  2019  at 3:48,65552,Power - PowerPoint Template,Discount Fee: $0.00 Merchant Fee: $0.68 Affiliate Fee: $0.00,70%,$13.52
Feb 27  2019  at 21:36,77207,Portrayal - Artistic PowerPoint Template,Discount Fee: $3.00 Merchant Fee: $0.62 Affiliate Fee: $0.00,70%,$11.46
Feb 27  2019  at 4:48,64015,Edge PowerPoint Template,Discount Fee: $0.00 Merchant Fee: $0.88 Affiliate Fee: $0.00,70%,$13.38
Feb 27  2019  at 2:23,64015,Edge PowerPoint Template,Discount Fee: $0.00 Merchant Fee: $0.68 Affiliate Fee: $0.00,70%,$13.52
Feb 26  2019  at 18:52,63823,Alva Process PowerPoint Template,Discount Fee: $0.00 Merchant Fee: $0.66 Affiliate Fee: $0.00,70%,$12.84
Feb 26  2019  at 16:38,78089,Conception - Business And Corporate PowerPoint Template,Discount Fee: $0.00 Merchant Fee: $0.00 Affiliate Fee: $0.00,70%,$14.00
Feb 26  2019  at 3:16,75322,Justice - Airplane Powerpoint Template PowerPoint Template,Discount Fee: $0.00 Merchant Fee: $0.88 Affiliate Fee: $0.00,70%,$13.38
Feb 25  2019  at 18:39,70136,Impressive Presentation PowerPoint Template,Discount Fee: $0.00 Merchant Fee: $0.85 Affiliate Fee: $0.00,70%,$12.70
Feb 25  2019  at 2:46,78089,Conception - Business And Corporate PowerPoint Template,Discount Fee: $0.00 Merchant Fee: $0.68 Affiliate Fee: $0.00,70%,$13.52
Feb 22  2019  at 21:19,63823,Alva Process PowerPoint Template,Discount Fee: $4.00 Merchant Fee: $0.59 Affiliate Fee: $0.00,70%,$10.09
Feb 22  2019  at 17:47,64015,Edge PowerPoint Template,Discount Fee: $4.00 Merchant Fee: $0.60 Affiliate Fee: $0.00,70%,$10.78
Feb 21  2019  at 9:40,77158,Foodaholic - Culinary PowerPoint Template,Discount Fee: $6.00 Merchant Fee: $0.71 Affiliate Fee: $0.00,70%,$9.31
Feb 21  2019  at 6:24,77158,Foodaholic - Culinary PowerPoint Template,Discount Fee: $6.00 Merchant Fee: $0.71 Affiliate Fee: $0.00,70%,$9.31
Feb 21  2019  at 6:20,77158,Foodaholic - Culinary PowerPoint Template,Discount Fee: $6.00 Merchant Fee: $0.71 Affiliate Fee: $0.00,70%,$9.31
Feb 21  2019  at 5:27,77158,Foodaholic - Culinary PowerPoint Template,Discount Fee: $6.00 Merchant Fee: $0.71 Affiliate Fee: $0.00,70%,$9.31
Feb 21  2019  at 1:34,75492,Concertus - Event PowerPoint Template,Discount Fee: $4.00 Merchant Fee: $0.60 Affiliate Fee: $0.00,70%,$10.78
Feb 20  2019  at 19:48,64015,Edge PowerPoint Template,Discount Fee: $4.00 Merchant Fee: $0.60 Affiliate Fee: $0.00,70%,$10.78
Feb 15  2019  at 19:32,64015,Edge PowerPoint Template,Discount Fee: $0.00 Merchant Fee: $0.68 Affiliate Fee: $0.00,70%,$13.52
Feb 12  2019  at 22:30,77207,Portrayal - Artistic PowerPoint Template,Discount Fee: $0.00 Merchant Fee: $0.88 Affiliate Fee: $0.00,70%,$13.38
Feb 12  2019  at 16:21,77537,Uncover - Photography PowerPoint Template,Discount Fee: $0.00 Merchant Fee: $0.68 Affiliate Fee: $0.00,70%,$13.52
Feb 12  2019  at 16:08,64015,Edge PowerPoint Template,Discount Fee: $0.00 Merchant Fee: $0.68 Affiliate Fee: $0.00,70%,$13.52
Feb 12  2019  at 8:13,75321,Executive - Real Estate PowerPoint Template,Discount Fee: $4.00 Merchant Fee: $0.60 Affiliate Fee: $0.00,70%,$10.78
Feb 11  2019  at 22:32,64015,Edge PowerPoint Template,Discount Fee: $0.00 Merchant Fee: $0.68 Affiliate Fee: $0.00,70%,$13.52
Feb 11  2019  at 16:50,64015,Edge PowerPoint Template,Discount Fee: $0.00 Merchant Fee: $0.68 Affiliate Fee: $0.00,70%,$13.52
Feb 11  2019  at 15:33,77158,Foodaholic - Culinary PowerPoint Template,Discount Fee: $1.00 Merchant Fee: $0.85 Affiliate Fee: $0.00,70%,$12.70
Feb 10  2019  at 5:59,64015,Edge PowerPoint Template,Discount Fee: $0.00 Merchant Fee: $0.68 Affiliate Fee: $0.00,70%,$13.52
Feb 9  2019  at 2:48,75516,Coworking PowerPoint Template,Discount Fee: $0.00 Merchant Fee: $0.68 Affiliate Fee: $0.00,70%,$13.52
Feb 5  2019  at 3:02,64015,Edge PowerPoint Template,Discount Fee: $0.00 Merchant Fee: $0.68 Affiliate Fee: $0.00,70%,$13.52
Feb 4  2019  at 16:35,77230,Medezinesch - Medical PowerPoint Template,Discount Fee: $0.00 Merchant Fee: $0.68 Affiliate Fee: $0.00,70%,$13.52
Feb 1  2019  at 7:46,67896,Hexagonal PowerPoint Template,Discount Fee: $0.00 Merchant Fee: $0.85 Affiliate Fee: $0.00,70%,$12.70
Jan 31  2019  at 20:49,68765,Social Media User Infographic PowerPoint Template,Discount Fee: $0.00 Merchant Fee: $0.66 Affiliate Fee: $0.00,70%,$12.84
Jan 30  2019  at 16:29,64015,Edge PowerPoint Template,Discount Fee: $-1.00 Merchant Fee: $0.70 Affiliate Fee: $0.00,70%,$14.21
Jan 29  2019  at 1:47,75529,Initiative - Creative PowerPoint Template,Discount Fee: $0.00 Merchant Fee: $0.88 Affiliate Fee: $0.00,70%,$13.38
Jan 29  2019  at 1:47,74525,Inspiring PowerPoint Template,Discount Fee: $0.00 Merchant Fee: $0.88 Affiliate Fee: $0.00,70%,$13.38
Jan 28  2019  at 11:39,68711,Sales Dashboard Presentation PowerPoint Template,Discount Fee: $0.00 Merchant Fee: $0.66 Affiliate Fee: $0.00,70%,$12.84
Jan 26  2019  at 7:26,75239,Breakthrough - Business PowerPoint Template,Discount Fee: $2.00 Merchant Fee: $0.64 Affiliate Fee: $6.08,70%,$7.90
Jan 23  2019  at 12:49,74787,Modera - Creative Presentation PowerPoint Template,Discount Fee: $0.00 Merchant Fee: $0.68 Affiliate Fee: $0.00,70%,$13.52
Jan 21  2019  at 3:11,64015,Edge PowerPoint Template,Discount Fee: $-1.00 Merchant Fee: $0.70 Affiliate Fee: $0.00,70%,$14.21
Jan 18  2019  at 13:30,63823,Alva Process PowerPoint Template,Discount Fee: $0.00 Merchant Fee: $0.85 Affiliate Fee: $0.00,70%,$12.70
Jan 15  2019  at 7:21,68711,Sales Dashboard Presentation PowerPoint Template,Discount Fee: $0.00 Merchant Fee: $0.85 Affiliate Fee: $0.00,70%,$12.70
Jan 12  2019  at 12:41,75529,Initiative - Creative PowerPoint Template,Discount Fee: $0.00 Merchant Fee: $0.88 Affiliate Fee: $0.00,70%,$13.38
Jan 12  2019  at 5:03,64015,Edge PowerPoint Template,Discount Fee: $0.00 Merchant Fee: $0.68 Affiliate Fee: $0.00,70%,$13.52
Jan 12  2019  at 1:43,68711,Sales Dashboard Presentation PowerPoint Template,Discount Fee: $0.00 Merchant Fee: $0.66 Affiliate Fee: $5.50,70%,$8.99
Jan 11  2019  at 13:38,63823,Alva Process PowerPoint Template,Discount Fee: $0.00 Merchant Fee: $0.66 Affiliate Fee: $0.00,70%,$12.84
Jan 10  2019  at 15:12,64015,Edge PowerPoint Template,Discount Fee: $1.00 Merchant Fee: $0.66 Affiliate Fee: $0.00,70%,$12.84
Jan 9  2019  at 22:23,68711,Sales Dashboard Presentation PowerPoint Template,Discount Fee: $0.00 Merchant Fee: $0.66 Affiliate Fee: $0.00,70%,$12.84
Jan 8  2019  at 18:44,64015,Edge PowerPoint Template,Discount Fee: $1.00 Merchant Fee: $0.66 Affiliate Fee: $0.00,70%,$12.84
Jan 7  2019  at 22:33,68711,Sales Dashboard Presentation PowerPoint Template,Discount Fee: $0.00 Merchant Fee: $0.66 Affiliate Fee: $0.00,70%,$12.84
Jan 7  2019  at 21:10,64015,Edge PowerPoint Template,Discount Fee: $-1.00 Merchant Fee: $0.70 Affiliate Fee: $0.00,70%,$14.21
Jan 7  2019  at 4:51,68711,Sales Dashboard Presentation PowerPoint Template,Discount Fee: $0.00 Merchant Fee: $0.66 Affiliate Fee: $0.00,70%,$12.84
Jan 7  2019  at 4:51,68588,Project Timeline v5 - PowerPoint Template,Discount Fee: $0.00 Merchant Fee: $0.68 Affiliate Fee: $0.00,70%,$13.52
Jan 4  2019  at 17:38,68765,Social Media User Infographic PowerPoint Template,Discount Fee: $0.00 Merchant Fee: $0.66 Affiliate Fee: $0.00,70%,$12.84
Jan 4  2019  at 2:06,64015,Edge PowerPoint Template,Discount Fee: $-1.00 Merchant Fee: $0.70 Affiliate Fee: $0.00,70%,$14.21
Jan 2  2019  at 20:05,75322,Justice - Airplane Powerpoint Template PowerPoint Template,Discount Fee: $0.00 Merchant Fee: $0.68 Affiliate Fee: $0.00,70%,$13.52
Jan 2  2019  at 1:56,68711,Sales Dashboard Presentation PowerPoint Template,Discount Fee: $3.00 Merchant Fee: $0.76 Affiliate Fee: $2.29,70%,$9.07
Dec 29  2018  at 16:33,64015,Edge PowerPoint Template,Discount Fee: $0.00 Merchant Fee: $0.68 Affiliate Fee: $5.80,70%,$9.47
Dec 29  2018  at 11:08,75657,Eduvision - Education PowerPoint Template,Discount Fee: $3.00 Merchant Fee: $0.79 Affiliate Fee: $0.00,70%,$11.34
Dec 20  2018  at 21:44,75236,Minim - Simple PowerPoint Template,Discount Fee: $3.00 Merchant Fee: $0.62 Affiliate Fee: $0.00,70%,$11.46
Dec 19  2018  at 23:43,64015,Edge PowerPoint Template,Discount Fee: $7.00 Merchant Fee: $0.55 Affiliate Fee: $0.00,70%,$8.72
Dec 18  2018  at 17:32,75529,Initiative - Creative PowerPoint Template,Discount Fee: $1.00 Merchant Fee: $0.66 Affiliate Fee: $0.00,70%,$12.84
Dec 17  2018  at 23:37,75529,Initiative - Creative PowerPoint Template,Discount Fee: $1.00 Merchant Fee: $0.66 Affiliate Fee: $0.00,70%,$12.84
Dec 17  2018  at 18:27,75657,Eduvision - Education PowerPoint Template,Discount Fee: $1.00 Merchant Fee: $0.66 Affiliate Fee: $0.00,70%,$12.84
Dec 16  2018  at 20:45,75224,Floaty - Minimalist PowerPoint Template,Discount Fee: $0.00 Merchant Fee: $0.68 Affiliate Fee: $0.00,70%,$13.52
Dec 16  2018  at 18:29,75530,Spectrum - Elegant PowerPoint Template,Discount Fee: $0.00 Merchant Fee: $0.68 Affiliate Fee: $0.00,70%,$13.52
Dec 15  2018  at 19:35,75562,Titanium - Professional PowerPoint Template,Discount Fee: $1.00 Merchant Fee: $0.66 Affiliate Fee: $0.00,70%,$12.84
Dec 13  2018  at 12:19,75529,Initiative - Creative PowerPoint Template,Discount Fee: $0.00 Merchant Fee: $0.68 Affiliate Fee: $0.00,70%,$13.52
Dec 13  2018  at 9:48,75516,Coworking PowerPoint Template,Discount Fee: $0.00 Merchant Fee: $0.68 Affiliate Fee: $0.00,70%,$13.52
Dec 13  2018  at 4:15,75516,Coworking PowerPoint Template,Discount Fee: $0.00 Merchant Fee: $0.68 Affiliate Fee: $0.00,70%,$13.52
Dec 11  2018  at 7:00,67940,Smart Chart - Infographic PowerPoint Template,Discount Fee: $0.00 Merchant Fee: $0.66 Affiliate Fee: $1.83,70%,$11.55
Dec 11  2018  at 2:01,75237,Azure - PowerPoint Template,Discount Fee: $0.00 Merchant Fee: $0.88 Affiliate Fee: $0.00,70%,$13.38
Dec 10  2018  at 17:27,74523,Molla Creative PowerPoint Template,Discount Fee: $0.00 Merchant Fee: $0.88 Affiliate Fee: $0.00,70%,$13.38
Dec 8  2018  at 21:21,68711,Sales Dashboard Presentation PowerPoint Template,Discount Fee: $0.00 Merchant Fee: $0.85 Affiliate Fee: $0.00,70%,$12.70
Dec 8  2018  at 11:54,69094,Construction Presentation PowerPoint Template,Discount Fee: $0.00 Merchant Fee: $0.68 Affiliate Fee: $0.00,70%,$13.52
Dec 7  2018  at 16:00,75237,Azure - PowerPoint Template,Discount Fee: $2.00 Merchant Fee: $0.82 Affiliate Fee: $0.00,40%,$6.87
Dec 7  2018  at 15:59,68588,Project Timeline v5 - PowerPoint Template,Discount Fee: $2.00 Merchant Fee: $0.82 Affiliate Fee: $0.00,40%,$6.87
Dec 7  2018  at 2:18,64015,Edge PowerPoint Template,Discount Fee: $0.00 Merchant Fee: $0.68 Affiliate Fee: $0.00,40%,$7.73
Dec 5  2018  at 18:22,74792,Accord - Business Presentation PowerPoint Template,Discount Fee: $0.00 Merchant Fee: $0.68 Affiliate Fee: $0.00,40%,$7.73
Dec 4  2018  at 5:24,68711,Sales Dashboard Presentation PowerPoint Template,Discount Fee: $0.00 Merchant Fee: $0.85 Affiliate Fee: $0.00,40%,$7.26
Dec 3  2018  at 22:50,68588,Project Timeline v5 - PowerPoint Template,Discount Fee: $0.00 Merchant Fee: $0.68 Affiliate Fee: $0.00,40%,$7.73
Dec 2  2018  at 14:03,74793,Molino - Food Presentation PowerPoint Template,Discount Fee: $0.00 Merchant Fee: $0.68 Affiliate Fee: $0.00,40%,$7.73
Dec 1  2018  at 9:56,74525,Inspiring PowerPoint Template,Discount Fee: $0.00 Merchant Fee: $0.88 Affiliate Fee: $0.00,40%,$7.65
Dec 1  2018  at 9:55,70136,Impressive Presentation PowerPoint Template,Discount Fee: $0.00 Merchant Fee: $0.85 Affiliate Fee: $0.00,40%,$7.26
Dec 1  2018  at 2:02,65976,Christmas Asset PowerPoint Template,Discount Fee: $0.00 Merchant Fee: $0.88 Affiliate Fee: $0.00,40%,$7.65
Nov 30  2018  at 23:50,74787,Modera - Creative Presentation PowerPoint Template,Discount Fee: $0.00 Merchant Fee: $0.68 Affiliate Fee: $0.00,40%,$7.73
Nov 30  2018  at 23:05,74779,Fleet v.2- Creative Presentation PowerPoint Template,Discount Fee: $0.00 Merchant Fee: $0.88 Affiliate Fee: $0.00,40%,$7.65
Nov 29  2018  at 17:31,70840,Muzella Creative Presentation PowerPoint Template,Discount Fee: $10.00 Merchant Fee: $0.49 Affiliate Fee: $0.00,40%,$3.80
Nov 29  2018  at 17:28,74792,Accord - Business Presentation PowerPoint Template,Discount Fee: $10.00 Merchant Fee: $0.49 Affiliate Fee: $0.00,40%,$3.80
Nov 29  2018  at 5:19,74716,Magic Morph - PowerPoint Template,Discount Fee: $10.00 Merchant Fee: $0.49 Affiliate Fee: $0.00,40%,$3.80
Nov 28  2018  at 9:49,68588,Project Timeline v5 - PowerPoint Template,Discount Fee: $10.00 Merchant Fee: $0.49 Affiliate Fee: $0.00,40%,$3.80
Nov 28  2018  at 9:49,67940,Smart Chart - Infographic PowerPoint Template,Discount Fee: $9.00 Merchant Fee: $0.49 Affiliate Fee: $0.00,40%,$3.80
Nov 27  2018  at 17:51,68711,Sales Dashboard Presentation PowerPoint Template,Discount Fee: $9.00 Merchant Fee: $0.49 Affiliate Fee: $0.00,40%,$3.80
Nov 26  2018  at 18:57,74525,Inspiring PowerPoint Template,Discount Fee: $10.00 Merchant Fee: $0.59 Affiliate Fee: $0.00,40%,$3.76
Nov 26  2018  at 2:29,64015,Edge PowerPoint Template,Discount Fee: $10.00 Merchant Fee: $0.49 Affiliate Fee: $0.00,40%,$3.80
Nov 25  2018  at 18:45,64015,Edge PowerPoint Template,Discount Fee: $10.00 Merchant Fee: $0.49 Affiliate Fee: $0.00,40%,$3.80
Nov 24  2018  at 4:24,64015,Edge PowerPoint Template,Discount Fee: $10.00 Merchant Fee: $0.49 Affiliate Fee: $0.00,40%,$3.80
Nov 23  2018  at 18:30,64015,Edge PowerPoint Template,Discount Fee: $10.00 Merchant Fee: $0.49 Affiliate Fee: $0.00,40%,$3.80
Nov 22  2018  at 23:37,68711,Sales Dashboard Presentation PowerPoint Template,Discount Fee: $9.00 Merchant Fee: $0.59 Affiliate Fee: $0.00,40%,$3.76
Nov 22  2018  at 21:52,63824,Layer Infographic PowerPoint Template,Discount Fee: $9.00 Merchant Fee: $0.49 Affiliate Fee: $0.00,40%,$3.80
Nov 22  2018  at 21:52,63823,Alva Process PowerPoint Template,Discount Fee: $9.00 Merchant Fee: $0.49 Affiliate Fee: $0.00,40%,$3.80
Nov 21  2018  at 23:23,74525,Inspiring PowerPoint Template,Discount Fee: $9.00 Merchant Fee: $0.51 Affiliate Fee: $0.00,40%,$4.20
Nov 19  2018  at 21:41,68711,Sales Dashboard Presentation PowerPoint Template,Discount Fee: $0.00 Merchant Fee: $0.66 Affiliate Fee: $0.00,40%,$7.34
Nov 19  2018  at 21:41,68588,Project Timeline v5 - PowerPoint Template,Discount Fee: $0.00 Merchant Fee: $0.68 Affiliate Fee: $0.00,40%,$7.73
Nov 16  2018  at 3:10,64015,Edge PowerPoint Template,Discount Fee: $0.00 Merchant Fee: $0.68 Affiliate Fee: $0.00,40%,$7.73
Nov 14  2018  at 18:06,68711,Sales Dashboard Presentation PowerPoint Template,Discount Fee: $0.00 Merchant Fee: $0.66 Affiliate Fee: $0.00,40%,$7.34
Nov 13  2018  at 14:49,64015,Edge PowerPoint Template,Discount Fee: $0.00 Merchant Fee: $0.68 Affiliate Fee: $0.00,40%,$7.73
Nov 7  2018  at 5:59,69230,Full Color Presentation PowerPoint Template,Discount Fee: $0.00 Merchant Fee: $0.85 Affiliate Fee: $0.00,40%,$7.26
Nov 6  2018  at 15:26,68711,Sales Dashboard Presentation PowerPoint Template,Discount Fee: $0.00 Merchant Fee: $0.66 Affiliate Fee: $0.00,40%,$7.34
Nov 4  2018  at 20:43,64015,Edge PowerPoint Template,Discount Fee: $0.00 Merchant Fee: $0.68 Affiliate Fee: $6.76,40%,$5.02
Nov 4  2018  at 0:41,65976,Christmas Asset PowerPoint Template,Discount Fee: $0.00 Merchant Fee: $0.88 Affiliate Fee: $0.00,40%,$7.65
Nov 2  2018  at 21:49,64015,Edge PowerPoint Template,Discount Fee: $0.00 Merchant Fee: $0.68 Affiliate Fee: $0.00,40%,$7.73
Nov 1  2018  at 10:28,70840,Muzella Creative Presentation PowerPoint Template,Discount Fee: $3.00 Merchant Fee: $0.79 Affiliate Fee: $0.00,40%,$6.48
Nov 1  2018  at 0:34,64015,Edge PowerPoint Template,Discount Fee: $3.00 Merchant Fee: $0.79 Affiliate Fee: $6.32,40%,$3.95
Oct 30  2018  at 13:43,68711,Sales Dashboard Presentation PowerPoint Template,Discount Fee: $3.00 Merchant Fee: $0.60 Affiliate Fee: $0.00,40%,$6.16
Oct 29  2018  at 17:11,64015,Edge PowerPoint Template,Discount Fee: $3.00 Merchant Fee: $0.79 Affiliate Fee: $0.00,40%,$6.48
Oct 28  2018  at 20:08,64015,Edge PowerPoint Template,Discount Fee: $0.00 Merchant Fee: $0.68 Affiliate Fee: $0.00,40%,$7.73
Oct 22  2018  at 1:53,66272,Creative Business - PowerPoint Template,Discount Fee: $0.00 Merchant Fee: $0.68 Affiliate Fee: $0.00,40%,$7.73
Oct 20  2018  at 19:58,64015,Edge PowerPoint Template,Discount Fee: $0.00 Merchant Fee: $0.68 Affiliate Fee: $0.00,40%,$7.73
Oct 19  2018  at 18:21,67553,Food Presentation PowerPoint Template,Discount Fee: $0.00 Merchant Fee: $0.68 Affiliate Fee: $0.00,40%,$7.73
Oct 17  2018  at 19:05,68587,SWOT Infographic Analysis PowerPoint Template,Discount Fee: $0.00 Merchant Fee: $0.85 Affiliate Fee: $5.44,40%,$5.08
Oct 16  2018  at 17:29,68588,Project Timeline v5 - PowerPoint Template,Discount Fee: $0.00 Merchant Fee: $0.68 Affiliate Fee: $0.00,40%,$7.73
Oct 15  2018  at 13:42,69694,Modern PowerPoint Template,Discount Fee: $0.00 Merchant Fee: $0.66 Affiliate Fee: $0.00,40%,$7.34
Oct 15  2018  at 5:40,64015,Edge PowerPoint Template,Discount Fee: $0.00 Merchant Fee: $0.68 Affiliate Fee: $0.00,40%,$7.73
Oct 12  2018  at 15:40,68711,Sales Dashboard Presentation PowerPoint Template,Discount Fee: $0.00 Merchant Fee: $0.66 Affiliate Fee: $0.00,40%,$7.34
Oct 6  2018  at 12:51,68711,Sales Dashboard Presentation PowerPoint Template,Discount Fee: $0.00 Merchant Fee: $0.66 Affiliate Fee: $0.00,40%,$7.34
Oct 4  2018  at 15:42,68711,Sales Dashboard Presentation PowerPoint Template,Discount Fee: $0.00 Merchant Fee: $0.85 Affiliate Fee: $0.00,40%,$7.26
Oct 2  2018  at 15:29,68711,Sales Dashboard Presentation PowerPoint Template,Discount Fee: $0.00 Merchant Fee: $0.66 Affiliate Fee: $0.00,40%,$7.34
Oct 2  2018  at 0:25,68711,Sales Dashboard Presentation PowerPoint Template,Discount Fee: $0.00 Merchant Fee: $0.85 Affiliate Fee: $0.00,40%,$7.26
Sep 30  2018  at 13:46,67553,Food Presentation PowerPoint Template,Discount Fee: $0.00 Merchant Fee: $0.68 Affiliate Fee: $0.00,40%,$7.73
Sep 28  2018  at 22:46,64015,Edge PowerPoint Template,Discount Fee: $3.00 Merchant Fee: $0.62 Affiliate Fee: $0.00,40%,$6.55
Sep 28  2018  at 4:12,69094,Construction Presentation PowerPoint Template,Discount Fee: $3.00 Merchant Fee: $0.79 Affiliate Fee: $0.00,50%,$8.10
Sep 27  2018  at 12:27,64015,Edge PowerPoint Template,Discount Fee: $3.00 Merchant Fee: $0.62 Affiliate Fee: $0.00,40%,$6.55
Sep 27  2018  at 8:50,67189,EB PowerPoint Template,Discount Fee: $3.00 Merchant Fee: $0.79 Affiliate Fee: $0.00,40%,$6.48
Sep 26  2018  at 19:45,63823,Alva Process PowerPoint Template,Discount Fee: $3.00 Merchant Fee: $0.76 Affiliate Fee: $0.00,40%,$6.09
Sep 25  2018  at 21:50,69094,Construction Presentation PowerPoint Template,Discount Fee: $3.00 Merchant Fee: $0.62 Affiliate Fee: $0.00,50%,$8.19
Sep 22  2018  at 2:32,64015,Edge PowerPoint Template,Discount Fee: $0.00 Merchant Fee: $0.68 Affiliate Fee: $0.00,40%,$7.73
Sep 20  2018  at 8:27,67940,Smart Chart - Infographic PowerPoint Template,Discount Fee: $0.00 Merchant Fee: $0.85 Affiliate Fee: $0.00,40%,$7.26
Sep 19  2018  at 21:26,64015,Edge PowerPoint Template,Discount Fee: $0.00 Merchant Fee: $0.88 Affiliate Fee: $0.00,40%,$7.65
Sep 19  2018  at 10:15,64015,Edge PowerPoint Template,Discount Fee: $0.00 Merchant Fee: $0.68 Affiliate Fee: $0.00,40%,$7.73
Sep 18  2018  at 20:56,64015,Edge PowerPoint Template,Discount Fee: $0.00 Merchant Fee: $0.68 Affiliate Fee: $0.00,40%,$7.73
Sep 18  2018  at 0:42,68711,Sales Dashboard Presentation PowerPoint Template,Discount Fee: $0.00 Merchant Fee: $0.66 Affiliate Fee: $5.50,40%,$5.13
Sep 15  2018  at 22:43,69694,Modern PowerPoint Template,Discount Fee: $0.00 Merchant Fee: $0.85 Affiliate Fee: $0.00,40%,$7.26
Sep 13  2018  at 13:46,64015,Edge PowerPoint Template,Discount Fee: $0.00 Merchant Fee: $0.68 Affiliate Fee: $0.00,40%,$7.73
Sep 12  2018  at 6:42,69313,Senja PowerPoint Template,Discount Fee: $0.00 Merchant Fee: $0.85 Affiliate Fee: $0.00,40%,$7.26
Sep 11  2018  at 15:15,68711,Sales Dashboard Presentation PowerPoint Template,Discount Fee: $0.00 Merchant Fee: $0.66 Affiliate Fee: $0.00,40%,$7.34
Sep 10  2018  at 2:24,67553,Food Presentation PowerPoint Template,Discount Fee: $0.00 Merchant Fee: $0.68 Affiliate Fee: $0.00,40%,$7.73
Sep 9  2018  at 13:19,68711,Sales Dashboard Presentation PowerPoint Template,Discount Fee: $14.00 Merchant Fee: $0.40 Affiliate Fee: $0.00,40%,$1.84
Sep 6  2018  at 22:42,64015,Edge PowerPoint Template,Discount Fee: $0.00 Merchant Fee: $0.68 Affiliate Fee: $0.00,40%,$7.73
Sep 6  2018  at 13:34,68711,Sales Dashboard Presentation PowerPoint Template,Discount Fee: $0.00 Merchant Fee: $0.78 Affiliate Fee: $0.00,40%,$7.29
Sep 5  2018  at 6:56,68588,Project Timeline v5 - PowerPoint Template,Discount Fee: $15.00 Merchant Fee: $0.40 Affiliate Fee: $0.00,40%,$1.84
Sep 4  2018  at 10:17,68765,Social Media User Infographic PowerPoint Template,Discount Fee: $14.00 Merchant Fee: $0.45 Affiliate Fee: $0.00,40%,$1.82
Sep 4  2018  at 10:17,68579,Puzzle Infographic Presentation PowerPoint Template,Discount Fee: $14.00 Merchant Fee: $0.45 Affiliate Fee: $0.00,40%,$1.82
Sep 3  2018  at 5:08,64015,Edge PowerPoint Template,Discount Fee: $0.00 Merchant Fee: $0.68 Affiliate Fee: $0.00,40%,$7.73
Sep 3  2018  at 0:57,64015,Edge PowerPoint Template,Discount Fee: $0.00 Merchant Fee: $0.68 Affiliate Fee: $0.00,40%,$7.73
Sep 2  2018  at 22:07,63823,Alva Process PowerPoint Template,Discount Fee: $0.00 Merchant Fee: $0.66 Affiliate Fee: $0.00,40%,$7.34
Sep 2  2018  at 17:05,68579,Puzzle Infographic Presentation PowerPoint Template,Discount Fee: $14.00 Merchant Fee: $0.40 Affiliate Fee: $0.00,40%,$1.84
Sep 2  2018  at 17:05,63824,Layer Infographic PowerPoint Template,Discount Fee: $14.00 Merchant Fee: $0.40 Affiliate Fee: $0.00,40%,$1.84
Aug 30  2018  at 0:16,70136,Impressive Presentation PowerPoint Template,Discount Fee: $2.00 Merchant Fee: $0.79 Affiliate Fee: $0.00,40%,$6.48
Aug 26  2018  at 18:34,64015,Edge PowerPoint Template,Discount Fee: $0.00 Merchant Fee: $0.68 Affiliate Fee: $0.00,40%,$7.73
Aug 26  2018  at 6:35,65685,Smart Business PowerPoint Template,Discount Fee: $0.00 Merchant Fee: $0.68 Affiliate Fee: $0.00,40%,$7.73
Aug 26  2018  at 3:35,64631,Minimalis Powerpoint Template PowerPoint Template,Discount Fee: $0.00 Merchant Fee: $0.68 Affiliate Fee: $0.00,50%,$9.66
Aug 26  2018  at 0:30,64015,Edge PowerPoint Template,Discount Fee: $0.00 Merchant Fee: $0.68 Affiliate Fee: $0.00,40%,$7.73
Aug 25  2018  at 1:02,64015,Edge PowerPoint Template,Discount Fee: $0.00 Merchant Fee: $0.68 Affiliate Fee: $0.00,40%,$7.73
Aug 23  2018  at 4:38,70840,Muzella Creative Presentation PowerPoint Template,Discount Fee: $0.00 Merchant Fee: $0.68 Affiliate Fee: $0.00,40%,$7.73
Aug 21  2018  at 4:23,68711,Sales Dashboard Presentation PowerPoint Template,Discount Fee: $0.00 Merchant Fee: $0.85 Affiliate Fee: $0.00,40%,$7.26
Aug 15  2018  at 11:59,67553,Food Presentation PowerPoint Template,Discount Fee: $0.00 Merchant Fee: $0.68 Affiliate Fee: $0.00,40%,$7.73
Aug 11  2018  at 18:07,64015,Edge PowerPoint Template,Discount Fee: $1.00 Merchant Fee: $0.78 Affiliate Fee: $0.00,40%,$7.29
Aug 9  2018  at 1:04,68711,Sales Dashboard Presentation PowerPoint Template,Discount Fee: $0.00 Merchant Fee: $0.85 Affiliate Fee: $0.00,40%,$7.26
Aug 8  2018  at 10:43,70251,Vigaro Presentation PowerPoint Template,Discount Fee: $0.00 Merchant Fee: $0.68 Affiliate Fee: $0.00,40%,$7.73
Aug 7  2018  at 0:23,68711,Sales Dashboard Presentation PowerPoint Template,Discount Fee: $1.00 Merchant Fee: $0.82 Affiliate Fee: $5.15,40%,$4.81
Aug 6  2018  at 8:52,70834,Netto - Creative Financial Presentation PowerPoint Template,Discount Fee: $0.00 Merchant Fee: $0.68 Affiliate Fee: $0.00,40%,$7.73
Aug 2  2018  at 18:22,70840,Muzella Creative Presentation PowerPoint Template,Discount Fee: $0.00 Merchant Fee: $0.68 Affiliate Fee: $0.00,40%,$7.73
Aug 2  2018  at 16:56,65552,Power - PowerPoint Template,Discount Fee: $0.00 Merchant Fee: $0.88 Affiliate Fee: $0.00,40%,$7.65
Jul 30  2018  at 15:46,68711,Sales Dashboard Presentation PowerPoint Template,Discount Fee: $0.00 Merchant Fee: $0.66 Affiliate Fee: $0.00,40%,$7.34
Jul 30  2018  at 10:19,68711,Sales Dashboard Presentation PowerPoint Template,Discount Fee: $0.00 Merchant Fee: $0.85 Affiliate Fee: $0.00,40%,$7.26
Jul 23  2018  at 17:18,70725,Malistisk Multipurpose Presentation PowerPoint Template,Discount Fee: $0.00 Merchant Fee: $0.89 Affiliate Fee: $0.00,40%,$8.84
Jul 23  2018  at 15:29,70678,Mount PowerPoint Template,Discount Fee: $0.00 Merchant Fee: $0.81 Affiliate Fee: $0.00,40%,$7.68
Jul 22  2018  at 14:44,70678,Mount PowerPoint Template,Discount Fee: $0.00 Merchant Fee: $0.68 Affiliate Fee: $6.76,40%,$5.02
Jul 21  2018  at 10:58,69694,Modern PowerPoint Template,Discount Fee: $0.00 Merchant Fee: $0.85 Affiliate Fee: $0.00,40%,$7.26
Jul 19  2018  at 11:24,69694,Modern PowerPoint Template,Discount Fee: $3.00 Merchant Fee: $0.60 Affiliate Fee: $0.00,40%,$6.16
Jul 19  2018  at 9:14,70725,Malistisk Multipurpose Presentation PowerPoint Template,Discount Fee: $2.00 Merchant Fee: $0.70 Affiliate Fee: $6.09,40%,$5.68
Jul 18  2018  at 20:32,68588,Project Timeline v5 - PowerPoint Template,Discount Fee: $0.00 Merchant Fee: $0.88 Affiliate Fee: $0.00,40%,$7.65
Jul 17  2018  at 20:14,64015,Edge PowerPoint Template,Discount Fee: $0.00 Merchant Fee: $0.68 Affiliate Fee: $0.00,40%,$7.73
Jul 17  2018  at 0:30,64015,Edge PowerPoint Template,Discount Fee: $0.00 Merchant Fee: $0.68 Affiliate Fee: $0.00,40%,$7.73
Jul 13  2018  at 22:22,67553,Food Presentation PowerPoint Template,Discount Fee: $0.00 Merchant Fee: $0.68 Affiliate Fee: $0.00,40%,$7.73
Jul 13  2018  at 15:55,69259,Inbeside Presentation PowerPoint Template,Discount Fee: $8.00 Merchant Fee: $0.56 Affiliate Fee: $0.00,40%,$4.18
Jul 13  2018  at 15:55,69230,Full Color Presentation PowerPoint Template,Discount Fee: $8.00 Merchant Fee: $0.56 Affiliate Fee: $0.00,40%,$4.18
Jul 11  2018  at 11:02,68711,Sales Dashboard Presentation PowerPoint Template,Discount Fee: $0.00 Merchant Fee: $0.85 Affiliate Fee: $0.00,40%,$7.26
Jul 11  2018  at 5:13,64015,Edge PowerPoint Template,Discount Fee: $0.00 Merchant Fee: $0.68 Affiliate Fee: $0.00,40%,$7.73
Jul 10  2018  at 19:00,64015,Edge PowerPoint Template,Discount Fee: $0.00 Merchant Fee: $0.68 Affiliate Fee: $0.00,40%,$7.73
Jul 9  2018  at 22:11,69230,Full Color Presentation PowerPoint Template,Discount Fee: $0.00 Merchant Fee: $0.85 Affiliate Fee: $0.00,40%,$7.26
Jul 9  2018  at 21:26,64015,Edge PowerPoint Template,Discount Fee: $0.00 Merchant Fee: $0.88 Affiliate Fee: $0.00,40%,$7.65
Jul 6  2018  at 15:26,69694,Modern PowerPoint Template,Discount Fee: $0.00 Merchant Fee: $0.66 Affiliate Fee: $0.00,40%,$7.34
Jul 6  2018  at 13:33,70251,Vigaro Presentation PowerPoint Template,Discount Fee: $8.00 Merchant Fee: $0.53 Affiliate Fee: $0.00,40%,$4.59
Jul 5  2018  at 18:59,64015,Edge PowerPoint Template,Discount Fee: $8.00 Merchant Fee: $0.53 Affiliate Fee: $0.00,40%,$4.59
Jul 5  2018  at 16:56,69259,Inbeside Presentation PowerPoint Template,Discount Fee: $8.00 Merchant Fee: $0.56 Affiliate Fee: $0.00,40%,$4.18
Jul 5  2018  at 16:56,69230,Full Color Presentation PowerPoint Template,Discount Fee: $8.00 Merchant Fee: $0.56 Affiliate Fee: $0.00,40%,$4.18
Jul 5  2018  at 3:39,68711,Sales Dashboard Presentation PowerPoint Template,Discount Fee: $8.00 Merchant Fee: $0.62 Affiliate Fee: $0.00,40%,$4.15
Jul 4  2018  at 22:07,64015,Edge PowerPoint Template,Discount Fee: $8.00 Merchant Fee: $0.65 Affiliate Fee: $0.00,40%,$4.54
Jul 3  2018  at 1:54,64015,Edge PowerPoint Template,Discount Fee: $0.00 Merchant Fee: $0.68 Affiliate Fee: $0.00,40%,$7.73
Jun 29  2018  at 22:39,70251,Vigaro Presentation PowerPoint Template,Discount Fee: $0.00 Merchant Fee: $0.88 Affiliate Fee: $0.00,40%,$7.65
Jun 29  2018  at 8:48,64015,Edge PowerPoint Template,Discount Fee: $0.00 Merchant Fee: $0.68 Affiliate Fee: $0.00,40%,$7.73
Jun 28  2018  at 22:00,64015,Edge PowerPoint Template,Discount Fee: $0.00 Merchant Fee: $0.68 Affiliate Fee: $0.00,40%,$7.73
Jun 28  2018  at 21:10,69259,Inbeside Presentation PowerPoint Template,Discount Fee: $0.00 Merchant Fee: $0.85 Affiliate Fee: $0.00,40%,$7.26
Jun 28  2018  at 19:50,69694,Modern PowerPoint Template,Discount Fee: $0.00 Merchant Fee: $0.66 Affiliate Fee: $0.00,40%,$7.34
Jun 28  2018  at 12:03,70136,Impressive Presentation PowerPoint Template,Discount Fee: $0.00 Merchant Fee: $0.78 Affiliate Fee: $0.00,40%,$7.29
Jun 28  2018  at 1:04,67553,Food Presentation PowerPoint Template,Discount Fee: $3.00 Merchant Fee: $0.62 Affiliate Fee: $4.91,40%,$4.59
Jun 27  2018  at 2:38,65842,First Presentation PowerPoint Template,Discount Fee: $0.00 Merchant Fee: $0.88 Affiliate Fee: $0.00,40%,$7.65
Jun 26  2018  at 17:43,68711,Sales Dashboard Presentation PowerPoint Template,Discount Fee: $0.00 Merchant Fee: $0.66 Affiliate Fee: $0.00,40%,$7.34
Jun 21  2018  at 0:25,64592,Negocio Presentation Template PowerPoint Template,Discount Fee: $0.00 Merchant Fee: $0.88 Affiliate Fee: $0.00,40%,$7.65
Jun 19  2018  at 22:34,64015,Edge PowerPoint Template,Discount Fee: $0.00 Merchant Fee: $0.68 Affiliate Fee: $0.00,40%,$7.73
Jun 17  2018  at 2:18,69694,Modern PowerPoint Template,Discount Fee: $0.00 Merchant Fee: $0.66 Affiliate Fee: $0.00,40%,$7.34
Jun 17  2018  at 1:53,63823,Alva Process PowerPoint Template,Discount Fee: $0.00 Merchant Fee: $0.78 Affiliate Fee: $0.00,40%,$7.29
Jun 15  2018  at 1:36,64015,Edge PowerPoint Template,Discount Fee: $4.00 Merchant Fee: $0.60 Affiliate Fee: $0.00,40%,$6.16
Jun 14  2018  at 18:28,64015,Edge PowerPoint Template,Discount Fee: $4.00 Merchant Fee: $0.60 Affiliate Fee: $0.00,40%,$6.16
Jun 14  2018  at 2:31,69694,Modern PowerPoint Template,Discount Fee: $4.00 Merchant Fee: $0.74 Affiliate Fee: $0.00,40%,$5.71
Jun 13  2018  at 16:49,68765,Social Media User Infographic PowerPoint Template,Discount Fee: $4.00 Merchant Fee: $0.59 Affiliate Fee: $0.00,40%,$5.77
Jun 13  2018  at 16:49,68588,Project Timeline v5 - PowerPoint Template,Discount Fee: $4.00 Merchant Fee: $0.60 Affiliate Fee: $0.00,40%,$6.16
Jun 13  2018  at 16:49,68587,SWOT Infographic Analysis PowerPoint Template,Discount Fee: $4.00 Merchant Fee: $0.59 Affiliate Fee: $0.00,40%,$5.77
Jun 12  2018  at 1:35,64015,Edge PowerPoint Template,Discount Fee: $4.00 Merchant Fee: $0.70 Affiliate Fee: $0.00,40%,$6.12
Jun 10  2018  at 6:11,68711,Sales Dashboard Presentation PowerPoint Template,Discount Fee: $0.00 Merchant Fee: $0.66 Affiliate Fee: $0.00,40%,$7.34
Jun 9  2018  at 15:50,64015,Edge PowerPoint Template,Discount Fee: $0.00 Merchant Fee: $0.68 Affiliate Fee: $0.00,40%,$7.73
Jun 7  2018  at 19:51,69694,Modern PowerPoint Template,Discount Fee: $0.00 Merchant Fee: $0.66 Affiliate Fee: $0.00,40%,$7.34
Jun 6  2018  at 20:01,64015,Edge PowerPoint Template,Discount Fee: $0.00 Merchant Fee: $0.68 Affiliate Fee: $0.00,40%,$7.73
Jun 5  2018  at 8:23,68765,Social Media User Infographic PowerPoint Template,Discount Fee: $0.00 Merchant Fee: $0.66 Affiliate Fee: $6.42,40%,$4.77
Jun 5  2018  at 1:20,64015,Edge PowerPoint Template,Discount Fee: $0.00 Merchant Fee: $0.68 Affiliate Fee: $0.00,40%,$7.73
May 31  2018  at 22:23,68588,Project Timeline v5 - PowerPoint Template,Discount Fee: $2.00 Merchant Fee: $0.64 Affiliate Fee: $0.00,40%,$6.94
May 30  2018  at 16:36,69259,Inbeside Presentation PowerPoint Template,Discount Fee: $3.00 Merchant Fee: $0.60 Affiliate Fee: $0.00,40%,$6.16
May 29  2018  at 19:14,69230,Full Color Presentation PowerPoint Template,Discount Fee: $2.00 Merchant Fee: $0.79 Affiliate Fee: $0.00,40%,$6.48
May 27  2018  at 18:25,64015,Edge PowerPoint Template,Discount Fee: $0.00 Merchant Fee: $0.68 Affiliate Fee: $0.00,40%,$7.73
May 27  2018  at 6:45,68711,Sales Dashboard Presentation PowerPoint Template,Discount Fee: $0.00 Merchant Fee: $0.66 Affiliate Fee: $0.00,40%,$7.34
May 26  2018  at 18:09,64015,Edge PowerPoint Template,Discount Fee: $0.00 Merchant Fee: $0.68 Affiliate Fee: $0.00,40%,$7.73
May 26  2018  at 1:31,69313,Senja PowerPoint Template,Discount Fee: $0.00 Merchant Fee: $0.85 Affiliate Fee: $0.00,40%,$7.26
May 23  2018  at 20:56,63823,Alva Process PowerPoint Template,Discount Fee: $0.00 Merchant Fee: $0.66 Affiliate Fee: $0.00,40%,$7.34
May 22  2018  at 2:24,69259,Inbeside Presentation PowerPoint Template,Discount Fee: $0.00 Merchant Fee: $0.66 Affiliate Fee: $0.00,40%,$7.34
May 19  2018  at 1:14,69259,Inbeside Presentation PowerPoint Template,Discount Fee: $0.00 Merchant Fee: $0.85 Affiliate Fee: $0.00,40%,$7.26
May 18  2018  at 4:28,64015,Edge PowerPoint Template,Discount Fee: $4.00 Merchant Fee: $0.60 Affiliate Fee: $0.00,40%,$6.16
May 17  2018  at 4:30,68711,Sales Dashboard Presentation PowerPoint Template,Discount Fee: $7.00 Merchant Fee: $0.65 Affiliate Fee: $0.00,40%,$4.54
May 16  2018  at 12:41,68711,Sales Dashboard Presentation PowerPoint Template,Discount Fee: $7.00 Merchant Fee: $0.59 Affiliate Fee: $0.00,40%,$4.57
May 15  2018  at 3:55,63824,Layer Infographic PowerPoint Template,Discount Fee: $7.00 Merchant Fee: $0.65 Affiliate Fee: $0.00,40%,$4.54
May 14  2018  at 17:45,64015,Edge PowerPoint Template,Discount Fee: $7.00 Merchant Fee: $0.55 Affiliate Fee: $0.00,40%,$4.98
May 12  2018  at 22:50,65552,Power - PowerPoint Template,Discount Fee: $0.00 Merchant Fee: $0.88 Affiliate Fee: $0.00,40%,$7.65
May 11  2018  at 17:08,64015,Edge PowerPoint Template,Discount Fee: $0.00 Merchant Fee: $0.68 Affiliate Fee: $0.00,40%,$7.73
May 9  2018  at 5:31,68579,Puzzle Infographic Presentation PowerPoint Template,Discount Fee: $0.00 Merchant Fee: $0.85 Affiliate Fee: $0.00,40%,$7.26
May 9  2018  at 5:30,69094,Construction Presentation PowerPoint Template,Discount Fee: $0.00 Merchant Fee: $0.68 Affiliate Fee: $0.00,50%,$9.66
May 9  2018  at 2:59,67189,EB PowerPoint Template,Discount Fee: $0.00 Merchant Fee: $0.68 Affiliate Fee: $0.00,40%,$7.73
May 5  2018  at 19:23,68765,Social Media User Infographic PowerPoint Template,Discount Fee: $0.00 Merchant Fee: $0.66 Affiliate Fee: $0.00,40%,$7.34
May 4  2018  at 3:33,64015,Edge PowerPoint Template,Discount Fee: $0.00 Merchant Fee: $0.68 Affiliate Fee: $0.00,40%,$7.73
May 3  2018  at 9:45,67553,Food Presentation PowerPoint Template,Discount Fee: $0.00 Merchant Fee: $0.81 Affiliate Fee: $0.00,40%,$7.68
May 3  2018  at 2:20,63824,Layer Infographic PowerPoint Template,Discount Fee: $0.00 Merchant Fee: $0.66 Affiliate Fee: $0.00,40%,$7.34
May 3  2018  at 1:30,64015,Edge PowerPoint Template,Discount Fee: $-1.00 Merchant Fee: $0.84 Affiliate Fee: $0.00,40%,$8.06
May 1  2018  at 23:19,68579,Puzzle Infographic Presentation PowerPoint Template,Discount Fee: $2.00 Merchant Fee: $0.62 Affiliate Fee: $0.00,40%,$6.55
Apr 30  2018  at 17:34,67940,Smart Chart - Infographic PowerPoint Template,Discount Fee: $2.00 Merchant Fee: $0.62 Affiliate Fee: $0.00,40%,$6.55
Apr 28  2018  at 1:56,68588,Project Timeline v5 - PowerPoint Template,Discount Fee: $2.00 Merchant Fee: $0.64 Affiliate Fee: $0.00,40%,$6.94
Apr 28  2018  at 0:31,68587,SWOT Infographic Analysis PowerPoint Template,Discount Fee: $2.00 Merchant Fee: $0.62 Affiliate Fee: $0.00,40%,$6.55
Apr 26  2018  at 17:27,64015,Edge PowerPoint Template,Discount Fee: $2.00 Merchant Fee: $0.64 Affiliate Fee: $0.00,40%,$6.94
Apr 25  2018  at 14:55,64015,Edge PowerPoint Template,Discount Fee: $2.00 Merchant Fee: $0.75 Affiliate Fee: $0.00,40%,$6.90
Apr 24  2018  at 5:21,64015,Edge PowerPoint Template,Discount Fee: $2.00 Merchant Fee: $0.64 Affiliate Fee: $0.00,40%,$6.94
Apr 22  2018  at 7:51,65552,Power - PowerPoint Template,Discount Fee: $0.00 Merchant Fee: $0.68 Affiliate Fee: $0.00,40%,$7.73
Apr 20  2018  at 20:05,68588,Project Timeline v5 - PowerPoint Template,Discount Fee: $0.00 Merchant Fee: $0.81 Affiliate Fee: $0.00,40%,$7.68
Apr 18  2018  at 20:02,67940,Smart Chart - Infographic PowerPoint Template,Discount Fee: $0.00 Merchant Fee: $0.78 Affiliate Fee: $0.00,40%,$7.29
Apr 16  2018  at 23:28,64015,Edge PowerPoint Template,Discount Fee: $0.00 Merchant Fee: $0.88 Affiliate Fee: $0.00,40%,$7.65
Apr 12  2018  at 15:26,67940,Smart Chart - Infographic PowerPoint Template,Discount Fee: $7.00 Merchant Fee: $0.53 Affiliate Fee: $0.00,40%,$4.59
Apr 10  2018  at 12:13,65749,Embuss - PowerPoint Template,Discount Fee: $7.00 Merchant Fee: $0.55 Affiliate Fee: $0.00,40%,$4.98
Apr 9  2018  at 22:47,65842,First Presentation PowerPoint Template,Discount Fee: $7.00 Merchant Fee: $0.55 Affiliate Fee: $0.00,40%,$4.98
Apr 8  2018  at 19:15,64592,Negocio Presentation Template PowerPoint Template,Discount Fee: $0.00 Merchant Fee: $0.68 Affiliate Fee: $0.00,40%,$7.73
Apr 8  2018  at 9:05,64631,Minimalis Powerpoint Template PowerPoint Template,Discount Fee: $0.00 Merchant Fee: $0.88 Affiliate Fee: $0.00,50%,$9.56
Apr 4  2018  at 7:47,67940,Smart Chart - Infographic PowerPoint Template,Discount Fee: $1.00 Merchant Fee: $0.64 Affiliate Fee: $0.00,40%,$6.94
Apr 4  2018  at 1:20,64015,Edge PowerPoint Template,Discount Fee: $0.00 Merchant Fee: $0.68 Affiliate Fee: $0.00,40%,$7.73
Apr 3  2018  at 18:34,67896,Hexagonal PowerPoint Template,Discount Fee: $0.00 Merchant Fee: $0.66 Affiliate Fee: $0.00,40%,$7.34
Apr 3  2018  at 16:22,64015,Edge PowerPoint Template,Discount Fee: $0.00 Merchant Fee: $0.68 Affiliate Fee: $0.00,40%,$7.73
Apr 3  2018  at 5:15,67189,EB PowerPoint Template,Discount Fee: $0.00 Merchant Fee: $0.88 Affiliate Fee: $0.00,40%,$7.65
Mar 31  2018  at 0:37,64015,Edge PowerPoint Template,Discount Fee: $8.00 Merchant Fee: $0.53 Affiliate Fee: $0.00,40%,$4.59
Mar 29  2018  at 14:09,64015,Edge PowerPoint Template,Discount Fee: $0.00 Merchant Fee: $0.68 Affiliate Fee: $0.00,40%,$7.73
Mar 27  2018  at 4:02,65749,Embuss - PowerPoint Template,Discount Fee: $0.00 Merchant Fee: $0.81 Affiliate Fee: $0.00,40%,$7.68
Mar 27  2018  at 1:22,67553,Food Presentation PowerPoint Template,Discount Fee: $0.00 Merchant Fee: $0.81 Affiliate Fee: $0.00,40%,$7.68
Mar 25  2018  at 3:05,67553,Food Presentation PowerPoint Template,Discount Fee: $2.00 Merchant Fee: $0.75 Affiliate Fee: $0.00,40%,$6.90
Mar 22  2018  at 19:25,65552,Power - PowerPoint Template,Discount Fee: $0.00 Merchant Fee: $0.81 Affiliate Fee: $0.00,40%,$7.68
Mar 22  2018  at 0:00,67189,EB PowerPoint Template,Discount Fee: $0.00 Merchant Fee: $0.81 Affiliate Fee: $0.00,40%,$7.68
Mar 21  2018  at 21:52,64015,Edge PowerPoint Template,Discount Fee: $0.00 Merchant Fee: $0.81 Affiliate Fee: $0.00,40%,$7.68
Mar 14  2018  at 1:05,64015,Edge PowerPoint Template,Discount Fee: $0.00 Merchant Fee: $0.81 Affiliate Fee: $0.00,40%,$7.68
Mar 12  2018  at 20:39,63823,Alva Process PowerPoint Template,Discount Fee: $1.00 Merchant Fee: $0.64 Affiliate Fee: $0.00,40%,$6.94
Mar 7  2018  at 5:09,65749,Embuss - PowerPoint Template,Discount Fee: $0.00 Merchant Fee: $0.68 Affiliate Fee: $5.80,40%,$5.41
Mar 6  2018  at 12:22,65552,Power - PowerPoint Template,Discount Fee: $0.00 Merchant Fee: $0.68 Affiliate Fee: $0.00,40%,$7.73
Mar 6  2018  at 2:30,65685,Smart Business PowerPoint Template,Discount Fee: $0.00 Merchant Fee: $0.81 Affiliate Fee: $0.00,40%,$7.68
Mar 6  2018  at 1:13,67189,EB PowerPoint Template,Discount Fee: $0.00 Merchant Fee: $0.68 Affiliate Fee: $0.00,40%,$7.73
Mar 5  2018  at 2:23,64015,Edge PowerPoint Template,Discount Fee: $0.00 Merchant Fee: $0.68 Affiliate Fee: $0.00,40%,$7.73
Mar 3  2018  at 17:09,67189,EB PowerPoint Template,Discount Fee: $0.00 Merchant Fee: $0.81 Affiliate Fee: $0.00,40%,$7.68
Mar 1  2018  at 22:11,67189,EB PowerPoint Template,Discount Fee: $0.00 Merchant Fee: $0.81 Affiliate Fee: $5.76,40%,$5.37
Mar 1  2018  at 17:25,65749,Embuss - PowerPoint Template,Discount Fee: $0.00 Merchant Fee: $0.68 Affiliate Fee: $0.00,40%,$7.73
Mar 1  2018  at 3:47,65758,Maiga - PowerPoint Template,Discount Fee: $0.00 Merchant Fee: $0.68 Affiliate Fee: $0.00,40%,$7.73
Mar 1  2018  at 3:41,65749,Embuss - PowerPoint Template,Discount Fee: $0.00 Merchant Fee: $0.68 Affiliate Fee: $0.00,40%,$7.73
Mar 1  2018  at 3:34,65467,Peppy PowerPoint Template,Discount Fee: $0.00 Merchant Fee: $0.88 Affiliate Fee: $6.69,40%,$4.97
Feb 28  2018  at 13:25,67189,EB PowerPoint Template,Discount Fee: $0.00 Merchant Fee: $0.68 Affiliate Fee: $0.00,40%,$7.73
Feb 28  2018  at 2:26,64015,Edge PowerPoint Template,Discount Fee: $0.00 Merchant Fee: $0.68 Affiliate Fee: $0.00,40%,$7.73
Feb 28  2018  at 1:36,64015,Edge PowerPoint Template,Discount Fee: $0.00 Merchant Fee: $0.81 Affiliate Fee: $0.00,40%,$7.68
Feb 26  2018  at 8:08,64015,Edge PowerPoint Template,Discount Fee: $7.00 Merchant Fee: $0.61 Affiliate Fee: $0.00,40%,$4.95
Feb 25  2018  at 12:52,66272,Creative Business - PowerPoint Template,Discount Fee: $7.00 Merchant Fee: $0.61 Affiliate Fee: $0.00,40%,$4.95
Feb 22  2018  at 20:46,65552,Power - PowerPoint Template,Discount Fee: $7.00 Merchant Fee: $0.55 Affiliate Fee: $0.00,40%,$4.98
Feb 22  2018  at 3:29,64015,Edge PowerPoint Template,Discount Fee: $7.00 Merchant Fee: $0.55 Affiliate Fee: $0.00,40%,$4.98
Feb 21  2018  at 0:11,65685,Smart Business PowerPoint Template,Discount Fee: $7.00 Merchant Fee: $0.55 Affiliate Fee: $0.00,40%,$4.98
Feb 19  2018  at 22:43,64015,Edge PowerPoint Template,Discount Fee: $7.00 Merchant Fee: $0.55 Affiliate Fee: $0.00,40%,$4.98
Feb 17  2018  at 4:17,65685,Smart Business PowerPoint Template,Discount Fee: $0.00 Merchant Fee: $0.81 Affiliate Fee: $0.00,40%,$7.68
Feb 17  2018  at 3:39,65685,Smart Business PowerPoint Template,Discount Fee: $0.00 Merchant Fee: $0.81 Affiliate Fee: $0.00,40%,$7.68
Feb 16  2018  at 2:06,67189,EB PowerPoint Template,Discount Fee: $0.00 Merchant Fee: $0.81 Affiliate Fee: $0.00,40%,$7.68
Feb 15  2018  at 10:25,67189,EB PowerPoint Template,Discount Fee: $0.00 Merchant Fee: $0.81 Affiliate Fee: $0.00,40%,$7.68
Feb 11  2018  at 2:36,65758,Maiga - PowerPoint Template,Discount Fee: $0.00 Merchant Fee: $0.68 Affiliate Fee: $0.00,40%,$7.73
Feb 3  2018  at 21:36,65749,Embuss - PowerPoint Template,Discount Fee: $0.00 Merchant Fee: $0.68 Affiliate Fee: $0.00,40%,$7.73
Feb 3  2018  at 21:30,65685,Smart Business PowerPoint Template,Discount Fee: $0.00 Merchant Fee: $0.68 Affiliate Fee: $0.00,40%,$7.73
Jan 25  2018  at 6:09,65749,Embuss - PowerPoint Template,Discount Fee: $6.00 Merchant Fee: $0.57 Affiliate Fee: $0.00,40%,$5.37
Jan 23  2018  at 19:33,65749,Embuss - PowerPoint Template,Discount Fee: $6.00 Merchant Fee: $0.57 Affiliate Fee: $0.00,40%,$5.37
Jan 23  2018  at 6:42,66272,Creative Business - PowerPoint Template,Discount Fee: $4.00 Merchant Fee: $0.60 Affiliate Fee: $0.00,40%,$6.16
Jan 22  2018  at 5:52,65128,Creative Business PowerPoint Template,Discount Fee: $0.00 Merchant Fee: $0.68 Affiliate Fee: $0.00,40%,$7.73
Jan 19  2018  at 16:01,64015,Edge PowerPoint Template,Discount Fee: $0.00 Merchant Fee: $0.68 Affiliate Fee: $0.00,40%,$7.73
Jan 17  2018  at 19:30,65552,Power - PowerPoint Template,Discount Fee: $0.00 Merchant Fee: $0.68 Affiliate Fee: $0.00,40%,$7.73
Jan 17  2018  at 16:23,65552,Power - PowerPoint Template,Discount Fee: $0.00 Merchant Fee: $0.81 Affiliate Fee: $0.00,40%,$7.68
Jan 12  2018  at 16:42,66272,Creative Business - PowerPoint Template,Discount Fee: $0.00 Merchant Fee: $0.68 Affiliate Fee: $0.00,40%,$7.73
Jan 10  2018  at 4:35,65552,Power - PowerPoint Template,Discount Fee: $0.00 Merchant Fee: $0.68 Affiliate Fee: $0.00,40%,$7.73
Jan 4  2018  at 4:16,64015,Edge PowerPoint Template,Discount Fee: $0.00 Merchant Fee: $0.88 Affiliate Fee: $0.00,40%,$7.65
Dec 12  2017  at 14:35,63824,Layer Infographic PowerPoint Template,Discount Fee: $2.00 Merchant Fee: $0.79 Affiliate Fee: $0.00,40%,$6.48
Dec 8  2017  at 22:56,64015,Edge PowerPoint Template,Discount Fee: $5.00 Merchant Fee: $0.59 Affiliate Fee: $0.00,40%,$5.77
Dec 4  2017  at 22:38,64837,Grand Powerpoint Template PowerPoint Template,Discount Fee: $0.00 Merchant Fee: $0.00 Affiliate Fee: $0.00,40%,$8.00
Dec 4  2017  at 21:13,63823,Alva Process PowerPoint Template,Discount Fee: $0.00 Merchant Fee: $0.00 Affiliate Fee: $0.00,40%,$7.60
Dec 4  2017  at 6:27,65976,Christmas Asset PowerPoint Template,Discount Fee: $0.00 Merchant Fee: $0.00 Affiliate Fee: $0.00,40%,$8.00
Dec 1  2017  at 8:27,65842,First Presentation PowerPoint Template,Discount Fee: $0.00 Merchant Fee: $0.00 Affiliate Fee: $0.00,40%,$4.00
Dec 1  2017  at 3:38,65976,Christmas Asset PowerPoint Template,Discount Fee: $0.00 Merchant Fee: $0.00 Affiliate Fee: $0.00,40%,$2.80
Nov 30  2017  at 18:22,65552,Power - PowerPoint Template,Discount Fee: $0.00 Merchant Fee: $0.00 Affiliate Fee: $0.00,40%,$4.00
Nov 30  2017  at 18:21,65552,Power - PowerPoint Template,Discount Fee: $0.00 Merchant Fee: $0.00 Affiliate Fee: $0.00,40%,$4.00
Nov 30  2017  at 5:24,64015,Edge PowerPoint Template,Discount Fee: $0.00 Merchant Fee: $0.00 Affiliate Fee: $0.00,40%,$4.00
Nov 29  2017  at 17:24,65685,Smart Business PowerPoint Template,Discount Fee: $0.00 Merchant Fee: $0.00 Affiliate Fee: $0.00,40%,$4.00
Nov 28  2017  at 5:45,65467,Peppy PowerPoint Template,Discount Fee: $0.00 Merchant Fee: $0.00 Affiliate Fee: $0.00,40%,$4.00
Nov 27  2017  at 5:09,63823,Alva Process PowerPoint Template,Discount Fee: $0.00 Merchant Fee: $0.00 Affiliate Fee: $0.00,40%,$4.00
Nov 26  2017  at 6:20,64015,Edge PowerPoint Template,Discount Fee: $0.00 Merchant Fee: $0.00 Affiliate Fee: $0.00,40%,$4.00
Nov 23  2017  at 20:35,65758,Maiga - PowerPoint Template,Discount Fee: $0.00 Merchant Fee: $0.00 Affiliate Fee: $0.00,40%,$4.00
Nov 23  2017  at 18:55,65749,Embuss - PowerPoint Template,Discount Fee: $0.00 Merchant Fee: $0.00 Affiliate Fee: $0.00,40%,$2.60
Nov 23  2017  at 18:55,65685,Smart Business PowerPoint Template,Discount Fee: $0.00 Merchant Fee: $0.00 Affiliate Fee: $0.00,40%,$2.60
Nov 13  2017  at 1:34,65842,First Presentation PowerPoint Template,Discount Fee: $0.00 Merchant Fee: $0.00 Affiliate Fee: $0.00,40%,$8.00
Nov 9  2017  at 22:23,65842,First Presentation PowerPoint Template,Discount Fee: $0.00 Merchant Fee: $0.00 Affiliate Fee: $0.00,40%,$8.00
Nov 9  2017  at 6:33,65842,First Presentation PowerPoint Template,Discount Fee: $0.00 Merchant Fee: $0.00 Affiliate Fee: $0.00,40%,$8.00
Nov 5  2017  at 0:03,65685,Smart Business PowerPoint Template,Discount Fee: $0.00 Merchant Fee: $0.00 Affiliate Fee: $0.00,50%,$10.00
Nov 2  2017  at 15:43,65749,Embuss - PowerPoint Template,Discount Fee: $0.00 Merchant Fee: $0.00 Affiliate Fee: $0.00,50%,$10.00
Oct 30  2017  at 21:23,65722,Clear Presentation PowerPoint Template,Discount Fee: $0.00 Merchant Fee: $0.00 Affiliate Fee: $0.00,40%,$8.00
Oct 30  2017  at 9:21,64015,Edge PowerPoint Template,Discount Fee: $0.00 Merchant Fee: $0.00 Affiliate Fee: $0.00,40%,$8.00
Oct 30  2017  at 3:38,65552,Power - PowerPoint Template,Discount Fee: $0.00 Merchant Fee: $0.00 Affiliate Fee: $0.00,40%,$8.00
Oct 26  2017  at 11:53,65722,Clear Presentation PowerPoint Template,Discount Fee: $0.00 Merchant Fee: $0.00 Affiliate Fee: $0.00,40%,$8.00
Oct 25  2017  at 18:53,65722,Clear Presentation PowerPoint Template,Discount Fee: $0.00 Merchant Fee: $0.00 Affiliate Fee: $0.00,40%,$8.00
Oct 24  2017  at 12:01,65758,Maiga - PowerPoint Template,Discount Fee: $0.00 Merchant Fee: $0.00 Affiliate Fee: $0.00,40%,$8.00
Oct 23  2017  at 2:17,63823,Alva Process PowerPoint Template,Discount Fee: $0.00 Merchant Fee: $0.00 Affiliate Fee: $0.00,40%,$7.60
Oct 21  2017  at 21:02,65722,Clear Presentation PowerPoint Template,Discount Fee: $0.00 Merchant Fee: $0.00 Affiliate Fee: $0.00,40%,$8.00
Oct 20  2017  at 5:55,65685,Smart Business PowerPoint Template,Discount Fee: $0.00 Merchant Fee: $0.00 Affiliate Fee: $0.00,50%,$6.50
Oct 19  2017  at 21:16,65722,Clear Presentation PowerPoint Template,Discount Fee: $0.00 Merchant Fee: $0.00 Affiliate Fee: $0.00,40%,$5.20
Oct 19  2017  at 0:28,64015,Edge PowerPoint Template,Discount Fee: $0.00 Merchant Fee: $0.00 Affiliate Fee: $0.00,40%,$5.20
Oct 18  2017  at 8:35,65685,Smart Business PowerPoint Template,Discount Fee: $0.00 Merchant Fee: $0.00 Affiliate Fee: $0.00,50%,$6.50
Oct 17  2017  at 17:26,64015,Edge PowerPoint Template,Discount Fee: $0.00 Merchant Fee: $0.00 Affiliate Fee: $0.00,40%,$5.20
Oct 17  2017  at 15:39,65722,Clear Presentation PowerPoint Template,Discount Fee: $0.00 Merchant Fee: $0.00 Affiliate Fee: $0.00,40%,$5.20
Oct 16  2017  at 22:12,65467,Peppy PowerPoint Template,Discount Fee: $0.00 Merchant Fee: $0.00 Affiliate Fee: $0.00,40%,$8.00
Oct 15  2017  at 15:26,65722,Clear Presentation PowerPoint Template,Discount Fee: $0.00 Merchant Fee: $0.00 Affiliate Fee: $0.00,40%,$8.00
Oct 15  2017  at 0:35,64015,Edge PowerPoint Template,Discount Fee: $0.00 Merchant Fee: $0.00 Affiliate Fee: $0.00,40%,$8.00
Oct 11  2017  at 23:58,64837,Grand Powerpoint Template PowerPoint Template,Discount Fee: $0.00 Merchant Fee: $0.00 Affiliate Fee: $0.00,40%,$8.00
Oct 11  2017  at 19:38,65552,Power - PowerPoint Template,Discount Fee: $0.00 Merchant Fee: $0.00 Affiliate Fee: $0.00,40%,$8.00
Oct 8  2017  at 22:24,65552,Power - PowerPoint Template,Discount Fee: $0.00 Merchant Fee: $0.00 Affiliate Fee: $0.00,40%,$8.00
Oct 7  2017  at 20:47,63824,Layer Infographic PowerPoint Template,Discount Fee: $0.00 Merchant Fee: $0.00 Affiliate Fee: $0.00,40%,$7.60
Oct 7  2017  at 20:47,63823,Alva Process PowerPoint Template,Discount Fee: $0.00 Merchant Fee: $0.00 Affiliate Fee: $0.00,40%,$7.60
Oct 7  2017  at 20:42,63823,Alva Process PowerPoint Template,Discount Fee: $0.00 Merchant Fee: $0.00 Affiliate Fee: $0.00,40%,$7.60
Oct 7  2017  at 3:35,65467,Peppy PowerPoint Template,Discount Fee: $0.00 Merchant Fee: $0.00 Affiliate Fee: $0.00,40%,$8.00
Oct 5  2017  at 15:22,65552,Power - PowerPoint Template,Discount Fee: $0.00 Merchant Fee: $0.00 Affiliate Fee: $0.00,40%,$8.00
Oct 5  2017  at 15:22,65467,Peppy PowerPoint Template,Discount Fee: $0.00 Merchant Fee: $0.00 Affiliate Fee: $0.00,40%,$8.00
Oct 4  2017  at 23:22,65552,Power - PowerPoint Template,Discount Fee: $0.00 Merchant Fee: $0.00 Affiliate Fee: $0.00,40%,$8.00
Oct 4  2017  at 21:41,65467,Peppy PowerPoint Template,Discount Fee: $0.00 Merchant Fee: $0.00 Affiliate Fee: $0.00,40%,$8.00
Oct 2  2017  at 19:56,65467,Peppy PowerPoint Template,Discount Fee: $0.00 Merchant Fee: $0.00 Affiliate Fee: $0.00,40%,$8.00
Sep 28  2017  at 15:40,64015,Edge PowerPoint Template,Discount Fee: $0.00 Merchant Fee: $0.00 Affiliate Fee: $0.00,40%,$8.00
Sep 28  2017  at 9:18,65467,Peppy PowerPoint Template,Discount Fee: $0.00 Merchant Fee: $0.00 Affiliate Fee: $0.00,40%,$8.00
Sep 27  2017  at 18:26,64015,Edge PowerPoint Template,Discount Fee: $0.00 Merchant Fee: $0.00 Affiliate Fee: $0.00,40%,$8.00
Sep 27  2017  at 9:49,63824,Layer Infographic PowerPoint Template,Discount Fee: $0.00 Merchant Fee: $0.00 Affiliate Fee: $0.00,40%,$7.60
Sep 27  2017  at 0:47,65467,Peppy PowerPoint Template,Discount Fee: $0.00 Merchant Fee: $0.00 Affiliate Fee: $0.00,40%,$8.00
Sep 18  2017  at 19:33,64015,Edge PowerPoint Template,Discount Fee: $0.00 Merchant Fee: $0.00 Affiliate Fee: $0.00,40%,$8.00
Sep 18  2017  at 4:13,64015,Edge PowerPoint Template,Discount Fee: $0.00 Merchant Fee: $0.00 Affiliate Fee: $0.00,40%,$8.00
Sep 14  2017  at 20:28,64015,Edge PowerPoint Template,Discount Fee: $0.00 Merchant Fee: $0.00 Affiliate Fee: $0.00,40%,$5.60
Sep 12  2017  at 0:48,65128,Creative Business PowerPoint Template,Discount Fee: $0.00 Merchant Fee: $0.00 Affiliate Fee: $0.00,40%,$8.00
Sep 11  2017  at 11:41,64015,Edge PowerPoint Template,Discount Fee: $0.00 Merchant Fee: $0.00 Affiliate Fee: $0.00,40%,$8.00
Sep 10  2017  at 20:18,65128,Creative Business PowerPoint Template,Discount Fee: $0.00 Merchant Fee: $0.00 Affiliate Fee: $0.00,40%,$8.40
Sep 8  2017  at 16:07,64015,Edge PowerPoint Template,Discount Fee: $0.00 Merchant Fee: $0.00 Affiliate Fee: $0.00,40%,$8.00
Sep 8  2017  at 6:35,64015,Edge PowerPoint Template,Discount Fee: $0.00 Merchant Fee: $0.00 Affiliate Fee: $0.00,40%,$8.00
Aug 30  2017  at 7:01,64592,Negocio Presentation Template PowerPoint Template,Discount Fee: $0.00 Merchant Fee: $0.00 Affiliate Fee: $0.00,50%,$3.60
Aug 25  2017  at 8:51,63823,Alva Process PowerPoint Template,Discount Fee: $0.00 Merchant Fee: $0.00 Affiliate Fee: $0.00,40%,$7.60
Aug 18  2017  at 22:50,64592,Negocio Presentation Template PowerPoint Template,Discount Fee: $0.00 Merchant Fee: $0.00 Affiliate Fee: $0.00,50%,$6.50
Aug 17  2017  at 23:05,64015,Edge PowerPoint Template,Discount Fee: $0.00 Merchant Fee: $0.00 Affiliate Fee: $0.00,40%,$5.20
Aug 14  2017  at 19:25,63824,Layer Infographic PowerPoint Template,Discount Fee: $0.00 Merchant Fee: $0.00 Affiliate Fee: $0.00,40%,$4.56
Aug 8  2017  at 18:09,64592,Negocio Presentation Template PowerPoint Template,Discount Fee: $0.00 Merchant Fee: $0.00 Affiliate Fee: $0.00,50%,$10.00
Aug 6  2017  at 17:22,64631,Minimalis Powerpoint Template PowerPoint Template,Discount Fee: $0.00 Merchant Fee: $0.00 Affiliate Fee: $0.00,50%,$10.00
Jul 20  2017  at 20:52,63824,Layer Infographic PowerPoint Template,Discount Fee: $0.00 Merchant Fee: $0.00 Affiliate Fee: $0.00,40%,$7.60
Jul 6  2017  at 1:28,64015,Edge PowerPoint Template,Discount Fee: $0.00 Merchant Fee: $0.00 Affiliate Fee: $0.00,50%,$6.00
Jun 27  2017  at 19:46,64015,Edge PowerPoint Template,Discount Fee: $0.00 Merchant Fee: $0.00 Affiliate Fee: $0.00,50%,$10.00
Jun 25  2017  at 23:59,63823,Alva Process PowerPoint Template,Discount Fee: $0.00 Merchant Fee: $0.00 Affiliate Fee: $0.00,50%,$9.50
Jun 25  2017  at 18:00,64015,Edge PowerPoint Template,Discount Fee: $0.00 Merchant Fee: $0.00 Affiliate Fee: $0.00,50%,$10.00
Jun 24  2017  at 18:28,63824,Layer Infographic PowerPoint Template,Discount Fee: $0.00 Merchant Fee: $0.00 Affiliate Fee: $0.00,50%,$9.50
Jun 22  2017  at 2:21,64015,Edge PowerPoint Template,Discount Fee: $0.00 Merchant Fee: $0.00 Affiliate Fee: $0.00,50%,$10.00
Jun 11  2017  at 19:00,64015,Edge PowerPoint Template,Discount Fee: $0.00 Merchant Fee: $0.00 Affiliate Fee: $0.00,50%,$10.00
Jun 9  2017  at 22:40,64015,Edge PowerPoint Template,Discount Fee: $0.00 Merchant Fee: $0.00 Affiliate Fee: $0.00,50%,$10.00
Jun 9  2017  at 1:34,63823,Alva Process PowerPoint Template,Discount Fee: $0.00 Merchant Fee: $0.00 Affiliate Fee: $0.00,50%,$9.50
Jun 7  2017  at 10:48,64015,Edge PowerPoint Template,Discount Fee: $0.00 Merchant Fee: $0.00 Affiliate Fee: $0.00,50%,$10.00
Jun 5  2017  at 18:31,63823,Alva Process PowerPoint Template,Discount Fee: $0.00 Merchant Fee: $0.00 Affiliate Fee: $0.00,50%,$9.50
Jun 4  2017  at 7:42,64015,Edge PowerPoint Template,Discount Fee: $0.00 Merchant Fee: $0.00 Affiliate Fee: $0.00,50%,$10.00
Jun 2  2017  at 23:10,64015,Edge PowerPoint Template,Discount Fee: $0.00 Merchant Fee: $0.00 Affiliate Fee: $0.00,50%,$10.00
May 31  2017  at 21:40,64015,Edge PowerPoint Template,Discount Fee: $0.00 Merchant Fee: $0.00 Affiliate Fee: $0.00,50%,$10.00
May 29  2017  at 6:48,63823,Alva Process PowerPoint Template,Discount Fee: $0.00 Merchant Fee: $0.00 Affiliate Fee: $0.00,50%,$9.50
May 24  2017  at 8:16,63823,Alva Process PowerPoint Template,Discount Fee: $0.00 Merchant Fee: $0.00 Affiliate Fee: $0.00,50%,$5.50
May 24  2017  at 1:50,63824,Layer Infographic PowerPoint Template,Discount Fee: $0.00 Merchant Fee: $0.00 Affiliate Fee: $0.00,50%,$5.50
May 23  2017  at 13:26,63824,Layer Infographic PowerPoint Template,Discount Fee: $0.00 Merchant Fee: $0.00 Affiliate Fee: $0.00,50%,$5.50
May 23  2017  at 13:26,63823,Alva Process PowerPoint Template,Discount Fee: $0.00 Merchant Fee: $0.00 Affiliate Fee: $0.00,50%,$5.50
May 9  2017  at 0:43,63824,Layer Infographic PowerPoint Template,Discount Fee: $0.00 Merchant Fee: $0.00 Affiliate Fee: $0.00,50%,$9.50
May 3  2017  at 21:58,63824,Layer Infographic PowerPoint Template,Discount Fee: $0.00 Merchant Fee: $0.00 Affiliate Fee: $0.00,50%,$9.50